4,8441612,84-7430966,Annabela,1994,Eagle,Summit,Gaynor,Brainbox,OFF,22,76.68,12.12
5,4627140,47-3559841,Parnell,1995,Honda,Odyssey,Bartlett,Tagcat,ON,31,74.629997,24.879999
6,6661809,33-0660915,Yvon,2003,Mercedes-Benz,SLK-Class,Blithe,Jaxnation,OFF,86,73.300003,16.994444
7,2587345,72-7442910,Orlando,2000,Lexus,LX,Kirstin,Skyndu,ON,57,72.849998,19.155001
8,2612813,00-6194183,Janette,2006,Suzuki,Verona,Carry,Oyonder,ON,50,73.055,24.7945
9,9929938,85-3376468,Sutherlan,1965,Ford,Thunderbird,Beau,Zazio,ON,34,81.629997,21.25
10,615930,40-2110173,Andris,2000,Volvo,C70,Collie,Blogtag,ON,72,74.833298,16.1667
11,9487655,15-0704499,Karin,1998,Mercedes-Benz,CL-Class,Cassie,Jabbercube,OFF,98,77.06971,28.679079
12,5805606,51-2502570,Reider,2008,Cadillac,STS,Sidonnie,Voolia,ON,84,72.877426,19.07609
13,1226598,26-6101542,Nessie,1993,Mercedes-Benz,300D,Alan,Katz,ON,35,75.040298,14.16704
14,3660623,79-5975232,Barnebas,2006,Audi,A8,Anny,Photolist,OFF,74,88.719391,26.540457
15,1797622,09-6813240,Madel,2008,Mazda,Mazdaspeed 3,Corrina,Quatz,ON,70,87.849251,24.633568
16,2290841,55-2638443,Annaliese,2009,Chevrolet,Impala,Arline,Rhyloo,ON,93,74.493011,28.440554
17,1606101,03-9969779,Sanford,1993,Ford,Explorer,Freddie,Buzzdog,OFF,59,72.858894,24.882618
18,5010299,95-1223237,Cristal,2005,Lexus,SC,Brandie,Trudoo,ON,55,74.556374,16.779877
19,9724792,31-8530191,Nevsa,2008,GMC,Savana,Glynn,Jetwire,OFF,91,77.281296,12.715035
20,3418191,25-9602655,Der,2007,Ford,F250,Napoleon,Quimba,OFF,91,77.727478,13.432515
21,103181,48-9052066,Skyler,2012,Toyota,Corolla,Reese,Kimia,ON,79,77.208946,12.651805
22,9510679,02-1555182,Willis,2005,Chrysler,300C,Helli,Vinder,OFF,35,71.637077,22.728392
23,7378988,42-7478606,Erica,1999,Dodge,Ram 3500,Sabine,Twinder,OFF,50,76.574059,9.383452
24,8635301,72-8114708,Roxi,1984,Honda,Prelude,Marysa,Zooxo,OFF,38,75.621788,14.623801
25,6517485,37-2399064,Akim,1984,Mercury,Lynx,Deeanne,Oyope,OFF,55,79.838005,10.92544
26,564473,66-1153282,June,2013,Lincoln,MKX,Parke,Mydo,OFF,55,74.498703,15.852792
27,5252894,70-0126725,Eunice,2004,Infiniti,FX,Priscella,Photospace,ON,92,84.986732,19.354979
28,8499785,86-0478457,Jacquelynn,1994,Land Rover,Defender 90,Doug,Cogilith,OFF,22,87.52462,23.905445
29,3077641,36-8296579,Darrell,2009,Ferrari,California,Sallee,Kayveo,ON,84,85.824539,20.296059
30,3261220,21-0894645,Enrique,1999,Isuzu,Hombre Space,Madella,Leenti,ON,91,71.771645,21.105001
31,1108941,52-3111935,Corenda,1987,Mercedes-Benz,S-Class,Adolpho,Eazzy,ON,27,77.299492,30.172716
32,8659274,09-4444499,Barth,2005,Saturn,VUE,Andie,Skynoodle,OFF,62,85.709091,25.477585
33,1381431,43-2547552,Archibaldo,1997,Chevrolet,Tahoe,Sarajane,Dabjam,ON,29,75.801094,21.045521
34,7642250,24-4171693,Cacilia,1999,Dodge,Caravan,Hanson,Eimbee,OFF,71,89.5271,26.49189
35,5062087,99-2178823,Idette,1993,Dodge,Spirit,Juliann,Quaxo,OFF,29,76.614143,8.893212
36,1551805,27-2959709,Fanchette,1997,Holden,VS Commodore,Prescott,Minyx,ON,31,87.321487,22.430889
37,3884134,80-6289328,Aloisia,1994,Mercury,Topaz,Florri,Leenti,OFF,84,72.126625,23.849325
38,6547003,51-7831680,Erhard,1992,Dodge,D150,Filberte,Fiveclub,OFF,74,77.800781,11.786253
39,742911,00-7011992,Shelley,2004,GMC,Yukon XL 1500,Marleah,Jetpulse,OFF,12,76.540154,13.583274
40,3501755,72-8290775,Queenie,2011,Land Rover,LR4,Nicolea,Mymm,OFF,32,75.801094,14.530457
41,3087676,92-7290966,Maris,2006,Subaru,Outback,Norby,Feedspan,ON,29,73.176132,18.901457
42,3066979,90-5225789,Roze,2002,GMC,Envoy XL,Sherie,Leexo,ON,49,88.567406,22.96051
43,2819525,95-8674929,Arda,2007,Lincoln,Town Car,Clerissa,Edgetag,OFF,9,76.192696,15.756595
44,5729940,07-5102420,Leese,2012,Ford,E350,Judon,Demizz,OFF,99,86.352882,22.656015
45,7085335,49-4162565,Yorke,2003,Saab,09-May,Marie,Dablist,ON,37,79.450035,25.989836
46,2278153,29-5978660,Jonis,1992,Pontiac,Sunbird,Willdon,Mycat,ON,17,82.87056,23.223047
47,7993500,63-7266746,Millard,2008,Ford,F-Series Super Duty,Kalle,Bubbletube,OFF,47,73.191948,19.186354
48,9303307,63-8410430,Chantal,2000,Jaguar,XJ Series,Pauli,Flashdog,ON,12,75.890121,30.525005
49,60716,99-4779952,Lizbeth,2010,Ford,Escape,Justine,Linklinks,ON,33,85.760651,22.422455
50,946884,24-9102158,Jillie,2005,Pontiac,Grand Prix,Chic,Agimba,OFF,59,83.395554,18.106659
51,5159027,09-5687418,Padgett,1971,Chevrolet,Vega,Benni,Devify,OFF,92,81.28492,21.190449
52,6919309,76-8884336,Bard,2010,Ford,Focus,Fanny,Yadel,OFF,8,72.969818,23.597969
53,3366611,79-6710618,Barclay,2001,Porsche,911,Felicity,Skiptube,OFF,21,78.571762,28.590361
54,5763512,64-2190685,Tabbatha,2000,Mercedes-Benz,CLK-Class,Leoline,Jetpulse,ON,30,85.53006,25.369179
55,3525563,38-6741593,Delphinia,2012,Ford,E350,Lea,Voonte,OFF,89,92.726486,11.623377
56,8795031,53-9680139,Shani,1990,Lamborghini,Diablo,Gaultiero,Feedfish,OFF,92,88.024338,24.618393
57,9629528,73-4875743,Celie,2003,Isuzu,Rodeo Sport,Farly,Dabjam,ON,13,74.43383,23.546757
58,468917,89-0184270,Fabien,1994,Volvo,960,Candy,Dynava,ON,17,41.6399,41.643414
59,7099246,38-7627614,Yard,2002,Volkswagen,Jetta,Dylan,Lazz,ON,57,87.900375,25.077787
60,2559545,62-3446755,Danika,2002,Lamborghini,Murci?lago,Linell,Oyoyo,ON,46,77.888,29.854263
61,143390,29-5811107,Lucien,1984,Ford,EXP,Amil,Kazio,OFF,31,79.992981,14.913181
62,1923629,77-6227058,Pepita,2005,Scion,tC,Marnia,Zoomdog,ON,41,77.712616,14.413745
63,818854,88-0620037,Stephanie,1996,Mitsubishi,Chariot,Morey,Skibox,OFF,16,78.852074,18.101904
64,74791,84-7535740,Wren,2004,BMW,530,Winny,Voolith,ON,88,81.565125,23.173939
65,3798384,00-1674560,Merissa,2010,Dodge,Charger,Franky,Twitterbeat,OFF,52,80.355377,15.812074
66,10508,80-6333714,Markos,1996,GMC,Safari,Dehlia,Fliptune,OFF,57,79.259491,15.764501
67,8983660,80-6318330,Bren,2003,Mazda,B-Series,Umeko,Layo,ON,97,76.331978,10.311879
68,3343167,54-9772959,Giraldo,2010,Nissan,Altima,Kacie,Avamm,OFF,15,70.792297,21.961946
69,2140154,35-6533992,Celinka,2010,Toyota,Avalon,Stepha,Trudeo,OFF,75,81.52124,16.544893
70,7141737,06-3841073,Dory,1995,Ford,Probe,Chelsie,Meezzy,OFF,74,76.532028,21.04954
71,2479952,43-6921796,Emelita,2004,Volkswagen,GTI,Jon,Aimbu,ON,42,91.754723,26.182245
72,944196,81-5397682,Evaleen,1995,Toyota,Corolla,Camile,Tagopia,ON,21,77.384117,27.897551
73,9574898,94-5323511,Wilt,1989,Ford,Bronco II,Algernon,Feedfish,ON,83,76.505356,18.245655
74,3627153,95-2781614,Collen,1993,BMW,M5,Nathanael,Npath,ON,84,75.659157,23.486839
75,4839517,16-4723375,Wolfy,1989,Mercury,Cougar,Thayne,Flipstorm,ON,46,75.405334,32.041943
76,9564200,22-3490293,Thadeus,1996,GMC,2500,Blayne,Wordify,ON,81,85.688744,24.47438
77,6840600,83-5728750,Mandie,2008,Infiniti,QX,Ilyssa,Buzzdog,OFF,15,87.287018,23.427221
78,9044341,37-0530754,Cris,2009,Subaru,Tribeca,Kylen,Edgewire,ON,100,75.380768,19.487707
79,3282108,98-2859231,Yanaton,1987,Mazda,B2600,Hubert,Podcat,OFF,84,74.000633,19.85306
80,311617,61-0062982,Fraze,2010,Saab,09-Mar,Terencio,Tazzy,ON,23,77.373627,15.167409
81,7215156,41-3235659,Suzanne,2006,Mercedes-Benz,G-Class,Thorn,Photospace,OFF,13,88.250343,24.417534
82,375754,34-9012140,Wilek,1989,Mitsubishi,L300,Chelsie,Meevee,ON,42,77.736969,22.744108
83,5332760,09-1409483,Cammi,1998,Ford,Econoline E350,Kimble,Quamba,OFF,16,78.552757,14.752805
84,8822847,17-6885366,Sheridan,1993,Land Rover,Range Rover,Dayle,Jabberbean,OFF,17,87.311897,23.520399
85,8135885,28-5489538,Ronnie,1992,GMC,Rally Wagon 3500,Twila,Trilia,OFF,19,73.323685,25.771315
86,8362217,06-1803873,Nils,2011,Hyundai,Azera,Carina,Mymm,ON,68,77.332024,28.148735
87,7366736,57-1489918,Evanne,1993,Chevrolet,Sportvan G10,Bernadina,Dynabox,ON,56,76.693245,29.138407
88,4096491,01-3103440,Gaelan,2007,Ford,F-Series,Gideon,Quire,ON,50,86.474373,25.37571
89,7453838,47-5611745,Lesli,1987,Honda,Accord,Petronella,Skyvu,OFF,73,78.120407,20.388794
90,9626699,69-1041241,Andie,1992,Volkswagen,Eurovan,Sonny,Pixope,ON,67,86.151115,23.669296
91,4172429,03-5877187,Jere,1994,Audi,riolet,Hurley,Twitternation,ON,37,70.627625,21.761524
92,3205681,59-0947469,Ivette,2002,Audi,A6,Raquel,Oyoyo,ON,99,88.86718,22.657402
93,520585,68-4281952,Cthrine,2012,Infiniti,EX,Datha,BlogXS,ON,91,88.319069,22.700474
94,2334815,69-1244934,Goldarina,1990,Audi,90,Jolie,Mybuzz,OFF,45,85.296013,23.344315
95,2581823,22-4896855,Shamus,2000,BMW,5 Series,Elora,Livetube,ON,39,79.850388,14.146319
96,1301982,79-5779199,Saw,1984,Mazda,626,Ely,Innotype,OFF,14,80.471588,28.078636
97,101395,64-7154500,Sabra,2000,Chevrolet,3500,Jamil,Vinder,OFF,26,78.584602,27.108416
98,6199110,26-4422299,Balduin,2003,Dodge,Dakota Club,Olia,Gabtype,OFF,29,77.986565,9.823619
99,3529653,63-1461456,Quillan,1926,Chrysler,Imperial,Daisi,Flipstorm,OFF,99,79.959244,12.946366
100,2616435,31-3395362,Jackie,2009,Pontiac,Torrent,Madeline,Jabberbean,OFF,33,79.623924,17.143908
101,8820616,44-3028027,Obidiah,2007,Lotus,Elise,Rebecca,Ozu,ON,56,74.742142,13.340881
102,9263176,06-5126202,Emily,1986,Mercury,Grand Marquis,Stesha,Skipstorm,ON,88,78.483093,15.478569
103,3367638,64-2119875,Lovell,2012,Subaru,Impreza,Baldwin,Yombu,ON,47,86.129379,25.416676
104,8293932,49-2167129,Howie,2003,BMW,5 Series,Tanya,Centidel,ON,67,87.744629,21.779188
105,7618487,25-0461299,Anthe,2012,GMC,Sierra,Dennie,Izio,OFF,31,81.775307,21.164993
106,6844618,58-5481073,Rafaelia,1998,Mercedes-Benz,CLK-Class,Stanleigh,Tagfeed,ON,34,88.546867,23.125587
107,5399620,08-0705563,Micah,1998,Ford,Expedition,Garner,Topicshots,ON,11,88.250992,22.511976
108,2393450,92-5160263,Lisette,2000,Audi,A4,See,Kazio,OFF,49,78.621887,12.695032
109,6702281,69-9370561,Vinnie,1997,Saab,9000,Beverlie,Flashpoint,ON,10,81.356804,23.302189
110,3281776,69-1154147,Rhoda,1993,Mercury,Grand Marquis,Shandee,Wikibox,OFF,73,78.100014,9.515625
111,7701815,41-8486121,Matthiew,1985,Audi,Quattro,Fidelio,Roombo,OFF,85,86.119194,20.484348
112,4068773,70-4313452,Lurette,1995,Chevrolet,Cavalier,Marybelle,Twitterbeat,ON,86,84.011787,24.953514
113,2963736,06-2574925,Christoforo,2004,Chevrolet,Express 2500,Abran,Layo,OFF,78,71.770462,21.092159
114,1330245,72-6500492,Esmaria,2005,Kia,Sedona,Lannie,Flipopia,ON,21,84.869804,25.563322
115,8632339,73-1486473,Allistir,1993,Hyundai,Scoupe,Arleen,Quire,OFF,71,74.255989,22.835602
116,8889185,76-9869087,Happy,2004,Ford,Escort,Cecily,Linklinks,OFF,31,78.342674,29.607981
117,403267,25-8467233,Halsey,2000,Mitsubishi,Eclipse,Nikolas,Realbridge,ON,47,84.072235,27.122196
118,3988401,79-6851975,Jolyn,2003,Volvo,C70,Guglielma,Skinte,ON,24,86.490608,25.312717
119,5442507,16-9334446,Idalia,2007,Audi,A8,Ronnie,Tagtune,ON,51,80.809998,25.920074
120,7370498,31-1758394,Anderea,2003,GMC,Sierra 3500,Jacky,Oyonder,ON,30,77.970657,10.365581
121,1227327,62-2441493,Kissie,2008,Mercedes-Benz,CL-Class,Maurise,Meevee,ON,32,85.625511,22.668312
122,4657530,08-3826802,Barrett,1996,Isuzu,Trooper,Blanca,Dazzlesphere,OFF,53,69.605965,21.640575
123,5022720,04-0561048,Jillana,2007,Jeep,Liberty,Poppy,Feedfish,ON,51,87.746803,22.663696
124,4742542,23-2085455,Dal,1995,Saturn,S-Series,Bronny,Shufflebeat,ON,84,88.318954,22.542061
125,2851053,52-9302196,Lanie,1993,Mercedes-Benz,300TE,Crysta,Skivee,ON,35,76.894684,12.523731
126,1888038,56-5857581,Fedora,2006,Chevrolet,Avalanche 1500,Hartwell,Flashdog,ON,32,72.743675,19.990751
127,3293148,07-2083709,George,2002,Lexus,RX,Antonia,Jetwire,OFF,88,74.518204,30.480042
128,9349451,90-6787931,Daisie,1992,Mercedes-Benz,190E,Adlai,Devify,OFF,68,79.703644,12.834174
129,3296644,25-7146987,Ailyn,2008,Volvo,V70,Rubin,Photobean,OFF,56,74.095993,22.633492
130,9340803,31-9655448,Milo,2003,Mercedes-Benz,SLK-Class,Ogden,Podcat,OFF,95,77.594566,12.971599
131,3302611,04-1387313,Etti,2012,Toyota,Sienna,Pernell,Kazio,ON,17,77.696732,29.471397
132,8914745,30-5711722,Marissa,1995,Holden,VS Commodore,Tonia,Realfire,OFF,66,79.581184,24.916355
133,9187178,00-0381427,Patrizio,1997,Mercedes-Benz,SL-Class,Zedekiah,Edgewire,OFF,51,90.535233,26.500999
134,157246,08-2885091,Sarge,1992,Honda,Prelude,Madeleine,Trunyx,OFF,58,76.919533,31.604889
135,7594080,77-2797383,Norri,1999,Chevrolet,Express 1500,Kerry,Jaloo,OFF,90,76.750969,18.125875
136,3165017,82-8432828,Marlin,1994,Oldsmobile,Cutlass Cruiser,Emilio,Skimia,ON,70,71.222084,21.603176
137,1513474,17-5022604,Niko,2011,Honda,Insight,Benni,Edgepulse,OFF,73,77.848434,28.411331
138,6385720,45-3280466,Maible,2013,Ford,C-MAX Hybrid,Kenton,Divape,OFF,12,87.231972,22.34601
139,4819778,57-7943134,Barbaraanne,1978,Chevrolet,Corvette,Dermot,Flipstorm,OFF,34,84.660332,25.556044
140,8186167,16-5357366,Rosalynd,2001,Dodge,Dakota Club,Jeffry,Podcat,ON,79,74.961792,27.99502
141,1800645,89-8685162,Evered,1993,Ford,Explorer,Fleming,Thoughtstorm,ON,85,79.543488,22.086868
142,4152706,86-0278751,Morty,1997,Kia,Sportage,Lauryn,Voonyx,ON,13,88.410286,26.732311
143,5278437,35-3573267,Benedict,1991,Mitsubishi,Pajero,Normy,Gigaclub,ON,69,74.855965,12.915605
144,8718495,67-2328271,Camala,2009,BMW,M5,Orrin,Pixoboo,ON,73,88.049713,23.9468
145,1043631,99-2865237,Bliss,2013,Toyota,Land Cruiser,Debbie,Meembee,ON,98,80.151443,17.247253
146,2645852,16-3127763,Merissa,1987,Pontiac,Grand Am,Panchito,Twimbo,ON,81,78.013832,21.324196
147,7129786,81-5404012,Jeanie,2000,Lotus,Esprit,Merrel,Kare,ON,29,75.023148,32.564522
148,6912673,75-9656570,Othello,1984,Ford,Mustang,Gaylord,Thoughtstorm,OFF,48,83.034798,26.994154
149,3444525,04-5245510,Lizzie,2007,Infiniti,QX,Giorgia,Jabbercube,OFF,57,74.996857,20.464079
150,5777471,69-0221962,Melamie,2008,Hyundai,Tiburon,Bengt,Browsetype,ON,11,79.004692,26.811712
151,9209633,80-2821041,Lemuel,2004,GMC,Savana 2500,Saunder,Digitube,ON,39,87.070351,22.916706
152,805240,85-8915673,Marianne,1998,Audi,A8,Tamarah,Dabvine,ON,70,80.782402,27.94908
153,1454160,01-3929077,Ellissa,2006,GMC,Savana 3500,Elset,Cogibox,ON,63,85.031143,25.35128
154,2181215,22-0140294,Gunther,2012,Ford,Transit Connect,Mic,Eire,OFF,41,72.553757,23.00795
155,4370414,79-3520959,Ilaire,2000,Mitsubishi,Eclipse,Chris,Aimbu,ON,17,82.072708,26.264776
156,2869579,05-7797848,Gilburt,1993,Ford,Ranger,Dick,Devbug,ON,6,87.593948,23.012794
157,2902299,16-6067937,Tammie,1991,Suzuki,SJ,Zonda,Devcast,ON,83,75.680862,22.610683
158,6881589,33-7037448,Yovonnda,2010,Infiniti,M,Jean,Divape,ON,13,81.991653,25.912968
159,1363419,05-3029168,Audra,1997,Nissan,Pathfinder,Claudius,Voonyx,ON,75,83.577019,25.584042
160,5497619,94-3261664,Marilin,2008,Volkswagen,Rabbit,Ilene,Feedspan,OFF,16,83.977745,25.564711
161,6166577,55-5765032,Vannie,1986,Lincoln,Town Car,Marlow,Ntag,ON,6,76.513161,25.101145
162,513938,25-6819938,Eilis,2007,Kia,Sorento,Elsbeth,Browseblab,ON,11,73.743195,19.969227
163,9975968,17-3873479,Zaria,1994,Mazda,Protege,Thoma,Devpoint,OFF,91,85.36911,23.99662
164,1231053,37-8613956,Ogdon,2003,Honda,Civic,Kimberley,Meembee,OFF,45,79.399612,28.978298
165,8417692,27-5062108,Terri,1993,Mazda,Miata MX-5,Milena,Voomm,OFF,10,79.118698,20.112093
166,1352371,90-6094264,Rickey,2011,Saab,9-4X,George,Mynte,ON,86,80.18383,21.812876
167,5242741,37-7019940,Gustavo,2009,Honda,Accord,Camel,Trilia,OFF,36,76.713409,9.897157
168,133990,31-0747630,Melita,2011,Mercedes-Benz,GL-Class,Waverley,Kazu,ON,27,80.619736,17.554356
169,7492066,96-0141195,Kaia,1983,Honda,Accord,Kimberlee,Fivespan,ON,46,87.55442,22.369043
170,9998101,64-1403601,Cody,2009,Mazda,Mazda3,Phip,Meetz,OFF,54,72.618988,22.318083
171,4086717,56-0118783,Trevor,2001,Chevrolet,Lumina,Devy,Aimbo,ON,45,76.839752,17.320486
172,7597643,52-8179014,Vivyanne,1999,Buick,Regal,Meryl,Cogibox,ON,96,76.536224,32.110542
173,724502,78-1961413,Edmund,1990,Porsche,944,Harli,Skipstorm,OFF,58,83.624199,21.342585
174,663570,69-0955444,Gorden,2010,Lincoln,MKT,Adel,Rhybox,OFF,39,82.698441,25.748695
175,7184182,10-3101058,Lexi,1996,Chevrolet,Express 3500,Burg,Dynazzy,ON,74,81.598022,27.570839
176,7822230,13-9443434,Jermain,2005,Nissan,Frontier,Buck,Innotype,ON,47,76.694328,20.792713
177,6895134,82-4964664,Marci,1993,Mazda,Protege,Jeromy,Oozz,OFF,36,76.92144,15.139393
178,6353484,86-4653266,Rickie,1990,Mazda,Familia,Thorndike,Photobug,ON,72,77.775879,28.730579
179,1028155,37-9492642,Mallorie,2000,Subaru,Impreza,Lina,Rooxo,ON,25,78.96183,29.210421
180,5811703,46-3307477,Dawna,1992,Eagle,Premier,Frayda,Thoughtstorm,OFF,30,79.629158,26.367811
181,8864172,88-7243447,Chrotoem,2010,Dodge,Grand Caravan,Mireielle,Geba,OFF,32,76.653145,10.784703
182,494927,10-3395108,Cleve,2006,Volvo,V50,Hailey,Muxo,ON,64,79.653893,29.594189
183,7682711,03-3394954,Daria,2001,Audi,A4,Fredek,Roombo,ON,23,75.302467,22.601292
184,8132996,37-2086949,Jeane,1988,Ford,Taurus,Onida,Trupe,ON,51,78.448288,17.437462
185,9671342,17-4684184,Vassily,1997,Audi,A6,Mohammed,Zoomlounge,ON,58,75.752426,19.263334
186,3331053,86-1439357,Petrina,2007,Mazda,Mazda6,Susannah,Topicblab,ON,70,79.967361,16.99708
187,1186367,99-2947429,Fionna,2010,Volvo,C30,Tate,Photobug,OFF,27,91.975243,26.57448
188,4204379,18-1795169,Archaimbaud,2012,Lincoln,MKS,Raoul,Yotz,ON,43,74.928162,19.551146
189,8969008,26-2197110,Arielle,2001,BMW,3 Series,Hilario,Skivee,OFF,70,75.563942,21.004194
190,3785117,83-9843472,Hugo,1992,Ford,Taurus,Tiffany,Brainverse,OFF,13,82.0979,21.109133
191,1586780,04-9733397,Bernard,2006,Nissan,Quest,Gianna,Midel,OFF,43,86.302193,24.184713
192,7490046,99-8306614,Letty,1997,BMW,3 Series,Marshal,Babbleset,ON,34,87.482185,25.771103
193,6691666,52-7938685,Casandra,2006,Volvo,V50,Farra,Eayo,OFF,73,76.201195,27.703669
194,1001224,57-2325347,Minda,1997,Kia,Mentor,Talya,BlogXS,ON,90,76.16098,24.597349
195,7481990,83-9940813,Staford,2006,Pontiac,Torrent,Nerti,Livetube,OFF,93,79.700722,28.923548
196,934691,31-5518474,Javier,1963,Ford,E-Series,Peyton,Twitterwire,ON,87,81.718285,21.191774
197,554337,87-7489722,ONman,2009,Land Rover,Range Rover,Wilfred,Tagpad,OFF,89,78.08181,17.611629
198,7927493,95-9648769,Ange,1992,Mercedes-Benz,500SEL,Son,Thoughtblab,OFF,84,83.185654,26.072067
199,5129383,93-0660322,Kirsten,2002,Audi,S8,Trumann,Mybuzz,ON,61,73.899399,29.320511
200,1218403,14-2633430,Si,2012,Kia,Soul,Aleksandr,Gabtype,ON,76,79.416924,12.252576
201,7658384,82-0361079,Corinne,2004,Porsche,Cayenne,Vance,Pixoboo,ON,94,85.781029,25.862968
202,2552963,87-2396105,Obie,1987,Land Rover,Range Rover,Tedd,Innojam,OFF,83,84.148911,25.758503
203,44525,88-7863785,Freddy,2010,Subaru,Tribeca,Mariska,Jayo,OFF,39,84.989555,25.213928
204,2726400,42-6995684,Ethelda,1997,Lincoln,Mark VIII,Artemis,Mynte,ON,70,75.151535,25.973787
205,8258813,22-0482812,Antoinette,2009,Lincoln,Navigator,Sile,Vinte,ON,84,77.893394,26.702518
206,517905,40-3601951,Riley,2006,Pontiac,Daewoo Kalos,Lanae,Livetube,OFF,33,77.829338,12.735126
207,1455106,22-5590677,Murray,1966,Pontiac,GTO,Rosana,Zoomdog,OFF,50,79.804459,28.293783
208,4388813,15-5755770,Trixy,2010,Saab,09-Mar,Myles,Avaveo,OFF,60,78.567352,25.436298
209,181703,11-3406742,Iona,2011,Infiniti,G25,Laureen,Pixope,OFF,89,82.73484,22.363848
210,7129231,63-1546736,Dominic,2008,Chevrolet,Equinox,Briney,Photolist,OFF,41,81.526558,16.814524
211,1534146,90-1820971,Cordy,1993,Buick,Century,Alicea,Eire,ON,82,81.033707,21.097855
212,3642624,08-6058525,Janette,2008,Jaguar,S-Type,Kathleen,Oyoba,ON,40,84.540833,23.041924
213,6454360,57-5779920,Rutledge,1998,Oldsmobile,Regency,Hi,Kwinu,OFF,45,74.859489,27.147869
214,3483789,99-2885259,Annamarie,1994,Mercury,Villager,Hank,Tazz,ON,93,77.873886,11.477696
215,1757389,20-0551663,Erich,2007,Ford,Expedition EL,Roxanne,LiveZ,OFF,78,87.265388,26.298552
216,2074593,49-0544970,Virgina,1997,Chevrolet,1500,Blancha,Fadeo,OFF,69,80.117729,12.999464
217,2295500,08-2746405,Reese,2010,Lexus,LX,Emmy,Jaxnation,OFF,73,76.717873,30.704649
218,6406096,20-5706321,Felice,1993,Mitsubishi,3000GT,Allys,Vinder,ON,5,78.662567,27.55875
219,1407468,35-3078998,Anthe,1994,Mitsubishi,3000GT,Wrennie,Zoomlounge,ON,48,88.365593,23.406979
220,628024,82-4551649,Russ,2011,GMC,Sierra,Bethena,Jabbercube,ON,67,73.87719,29.903839
221,6207531,15-0466593,Ara,2012,Toyota,Avalon,Rochell,Roombo,OFF,17,79.558296,18.007202
222,9207040,95-3469377,Roderigo,1997,Buick,Skylark,Ximenes,Ailane,ON,58,79.480904,18.76182
223,1054875,47-1289110,Dewain,2012,Lexus,ES,Janice,Oodoo,OFF,74,83.558647,25.949638
224,6431713,51-2963501,Abagail,2007,Audi,S6,Ursulina,Minyx,OFF,10,76.748077,18.966354
225,514335,87-9243657,Suzette,2001,BMW,M3,Fair,Flipbug,OFF,6,76.1175,31.052128
226,9100721,19-5541341,Waylen,1995,Suzuki,Esteem,Ekaterina,Zooveo,OFF,10,72.657074,23.426788
227,431496,65-2692507,Ellette,1996,Chevrolet,Astro,Daisy,Zoomcast,ON,84,76.119247,29.592957
228,5587160,20-6735237,Maighdiln,1989,Porsche,928,Ruth,Viva,OFF,95,78.226341,14.422232
229,8890990,23-3089005,Bertie,2000,Dodge,Viper,Kin,Topdrive,ON,83,84.79409,19.314962
230,2481870,05-1910684,Nanon,2005,Jaguar,XK Series,Guinevere,Kaymbo,ON,18,77.345184,9.077854
231,4437853,52-9528156,Dodi,1998,Lamborghini,Diablo,Vite,Aibox,ON,54,74.945473,30.210995
232,9074963,04-2977994,Salli,1999,Honda,Civic,Guillema,Browseblab,ON,90,71.668427,22.170424
233,6121714,03-5811348,Gayleen,2011,Infiniti,M,Ketty,Kwinu,ON,74,88.262672,27.036007
234,5138891,32-3697286,Davie,2003,Kia,Sorento,Jaine,Voolith,OFF,97,73.517792,17.53231
235,6960431,66-8538869,Linnie,2011,Dodge,Caliber,Sam,Thoughtstorm,OFF,19,79.512459,29.219677
236,3925200,01-6480510,Pet,1993,Saab,900,Antony,Flipopia,OFF,53,79.768021,11.744699
237,5343159,77-0056668,Tory,2004,Volvo,C70,Tanitansy,Bluejam,OFF,20,72.998199,21.705723
238,383225,70-3390854,Esra,1997,Ford,Econoline E250,Brandais,Dazzlesphere,ON,98,82.568031,25.38727
239,1186489,02-3909087,Aloisia,1996,Nissan,300ZX,Eirena,Zooveo,ON,49,74.728477,19.925682
240,6553211,84-7005401,Stephen,2006,Mercury,Milan,Natala,Shufflester,OFF,63,75.591705,11.608495
241,6287538,63-8955595,Andrew,1995,Volkswagen,GTI,Jaymee,Npath,ON,12,85.501183,26.587299
242,5163384,64-6308662,Anetta,2008,GMC,Sierra 1500,Carilyn,Yacero,ON,93,85.416161,25.017258
243,7618681,48-1175724,Jerrome,2006,Chevrolet,Silverado 2500,Tonya,Brainlounge,ON,53,75.5681,13.92993
244,3718014,09-5147406,Marcy,2004,Infiniti,QX,Rodie,Wikido,ON,82,80.48996,26.536938
245,3804958,42-4328296,Annamarie,1994,Ford,F350,Emyle,Ozu,ON,91,91.62011,26.437252
246,8748907,49-3074929,Alleen,2009,Ford,E-Series,Ernesta,Oyoba,OFF,61,79.30336,19.970324
247,1710553,28-5379210,Mayor,1990,Pontiac,Turbo Firefly,Pansie,Devcast,ON,56,92.778908,24.833271
248,9207668,83-5044916,Merrily,2004,Infiniti,FX,Julee,Twitterlist,OFF,92,92.564339,24.68469
249,756192,34-9571161,Chalmers,1997,Buick,Riviera,Haskell,Blogtag,ON,49,92.717636,23.727106
250,2533845,48-8538927,Tristan,1996,Dodge,Ram 1500 Club,Deena,Roomm,OFF,12,88.394493,22.607672
251,237120,33-6444485,Noell,1996,GMC,Suburban 2500,Augusta,Talane,OFF,92,74.865372,17.006298
252,9067898,71-4433682,Perren,2001,Volkswagen,Cabriolet,Jessi,Katz,ON,48,75.921661,14.464103
253,3930536,50-5198584,Nelson,1986,Ford,Mustang,Meghan,Meemm,OFF,49,75.756531,22.552437
254,5677026,72-8493794,Artur,2009,GMC,Savana 1500,Amalita,Demivee,OFF,26,75.171707,30.81646
255,2887393,57-1677608,Pauli,2004,Pontiac,Vibe,Garnet,Katz,OFF,73,88.404839,22.859726
256,7384239,54-3855777,Catharina,2000,Chevrolet,Camaro,Moise,Aibox,OFF,34,75.205063,31.823462
257,1219495,40-6238966,Ranna,2001,Oldsmobile,Aurora,Berkly,Blogtags,ON,11,79.588127,27.387049
258,5163175,42-5620439,Flore,1993,Subaru,Loyale,Constantin,Twimm,ON,49,74.771782,29.185776
259,6852396,35-4465839,Danya,1992,Lexus,ES,Ruthann,Topdrive,OFF,96,86.41114,23.742628
260,5284608,32-8449237,Kaye,2005,Ford,Focus,Antoine,Yadel,ON,32,75.913673,31.527355
261,6896191,54-5358472,Colene,2009,Hummer,H3T,Kingsley,Kwilith,OFF,42,88.783058,25.237284
262,5407363,71-6562948,Sheilah,1995,Dodge,Caravan,Corina,Rhycero,ON,74,86.071861,26.347883
263,2801925,39-4459113,Jobey,1995,Cadillac,Seville,Jsandye,Mydeo,ON,32,78.330353,24.043468
264,8900868,76-2072015,Brendon,1992,Ford,Ranger,Agustin,Youspan,OFF,96,70.28112,21.741323
265,8779926,94-1679969,Josselyn,1996,Isuzu,Rodeo,Gardie,Tambee,ON,49,77.549057,29.959694
266,3181620,76-4328076,Monti,2010,GMC,Acadia,Robyn,Centidel,ON,88,77.449791,28.667856
267,2786463,93-4480424,Romain,2012,Infiniti,QX56,Arvy,Topiczoom,OFF,67,83.975403,21.468185
268,6017484,99-2560458,Correna,1990,Volkswagen,Cabriolet,Harold,Oyoba,ON,10,86.600624,25.883495
269,8834022,52-4468918,Nellie,1995,Jeep,Cherokee,Nataniel,Linklinks,ON,52,93.60833,26.880077
270,1602273,33-7785281,Jeremiah,2005,Kia,Sportage,Ozzy,Photospace,ON,15,87.992584,23.061089
271,6123220,23-6886645,Dollie,1989,Mazda,B-Series,Roxie,Eire,OFF,51,81.696617,16.432983
272,3592868,61-0853560,Eldin,1990,Mazda,Familia,Tiffany,Oyondu,ON,34,76.074005,11.072035
273,6746573,96-5435343,Allissa,2010,Lexus,LS Hybrid,Raoul,DabZ,ON,15,77.51696,13.611159
274,4914868,48-5791350,Margareta,1988,Pontiac,Firefly,Jacquelyn,Kwinu,OFF,37,77.731476,13.435455
275,2733165,57-9618412,Austin,2011,Chrysler,300,Boothe,Lazz,ON,90,94.911964,27.472834
276,4094384,07-2824238,Jennifer,2001,Daewoo,Lanos,Cordell,Dabjam,OFF,83,88.606506,27.338936
277,5774056,98-7543204,Peirce,2011,Nissan,Quest,Lynn,Youspan,ON,28,72.24012,25.83087
278,7115724,16-7133205,Ring,2006,Spyker,C8,Eb,Youopia,OFF,63,79.894531,17.928122
279,9770850,71-9055856,Taddeo,2012,Lexus,RX Hybrid,Linoel,Linkbuzz,OFF,48,75.780411,11.258753
280,3450030,35-8868288,Priscilla,2008,Cadillac,STS-V,Nancee,Lajo,OFF,31,77.033752,26.731142
281,8103525,29-7082468,Jdavie,1993,Ford,Tempo,Crichton,Skidoo,ON,5,79.380898,10.959815
282,6690399,96-3478593,Birgitta,1996,Chevrolet,3500,Fin,Oyope,OFF,13,80.832176,24.579716
283,2595433,70-6945749,Constancy,2007,Mercedes-Benz,C-Class,Eberhard,Gabcube,ON,22,78.938202,22.057163
284,8344722,94-7139860,Iris,1995,Pontiac,Sunfire,Brendis,Photojam,ON,74,80.049919,15.505723
285,4213846,80-2324197,Dorree,1954,Cadillac,Fleetwood,Aridatha,Twimm,OFF,70,83.979713,26.898392
286,7753457,01-7492966,Christophe,1994,Porsche,928,Livia,Dynava,OFF,67,77.00296,20.707228
287,3843474,54-8992982,Diana,2005,Saab,09-May,Karina,Bluezoom,OFF,70,74.026009,20.492281
288,8524687,94-9560721,Nana,2008,Isuzu,i-370,Paquito,Photobug,ON,17,78.802246,18.38662
289,6189038,63-3246732,Nobie,1997,Mitsubishi,Pajero,Jamill,Youopia,ON,75,76.606613,28.895515
290,8838191,32-5441006,Yul,2000,Daewoo,Leganza,Tybi,Kwimbee,ON,6,86.1222,21.2155
291,694458,99-5482910,Shelby,2008,GMC,Savana 1500,Lilah,Fivebridge,ON,93,80.224998,13.090994
292,2263068,03-3939970,Abran,2000,Chevrolet,Malibu,Jeniffer,Muxo,OFF,55,76.144012,31.213682
293,7266061,59-5562858,Willamina,2007,Mercedes-Benz,SLR McLaren,Cassandra,Jabberstorm,OFF,31,78.912872,18.794905
294,357753,25-2964149,Haze,2012,Ford,F-Series Super Duty,Towny,Babbleopia,ON,80,76.334824,26.894478
295,771852,11-1049765,Cyrille,2004,Mercedes-Benz,CL-Class,Renado,Mycat,ON,28,77.507561,28.771646
296,5829977,04-6108465,Fraze,2011,Audi,R8,Berkeley,Edgeblab,OFF,51,77.634087,9.512137
297,1182624,24-7842638,Georgeta,1997,Mitsubishi,Challenger,Nicolea,Avavee,ON,55,78.591637,9.548395
298,4744847,47-1149320,Dare,2004,Lexus,ES,Welby,Realmix,ON,92,81.188324,26.937834
299,2179142,67-9690522,Ree,2011,Nissan,Armada,Frederique,Oozz,OFF,93,78.498894,17.440325
300,8208046,58-7004874,Viki,2007,Panoz,Esperante,Kev,Dynabox,ON,34,82.56443,25.133699
301,7683391,73-5035583,Crista,2008,Acura,MDX,Janie,Skipstorm,OFF,25,79.325157,11.519588
302,4463509,36-0958176,Shara,2009,Audi,A5,Fairlie,Thoughtsphere,OFF,82,75.399506,28.128876
303,9552325,72-9962559,Clare,2010,Lincoln,MKX,Daryl,Digitube,OFF,98,78.133957,25.454794
304,6937510,79-7746197,Perren,1985,Buick,Skylark,Sargent,Devshare,OFF,59,76.522171,9.591441
305,762361,90-0567936,Bernice,1988,Mazda,Familia,Aggi,Roombo,ON,68,77.65799,25.42412
306,354517,30-6799316,Orren,1988,Volkswagen,Cabriolet,Hannis,Kanoodle,OFF,40,75.063873,21.04241
307,6218143,20-5285617,Berenice,1995,Mitsubishi,Pajero,Inge,Fivechat,ON,70,87.32193,23.53344
308,9719661,54-5823829,Desdemona,1996,Subaru,SVX,Deb,Eidel,ON,50,80.466644,28.080379
309,9217983,99-1554022,Sammy,2008,Nissan,Versa,Brynne,Livepath,OFF,87,75.010284,15.460252
310,8457977,22-2958759,Velma,2012,Hyundai,Genesis,Griz,Miboo,ON,82,72.911453,20.385181
311,8317281,30-5482029,Petunia,2009,Mercedes-Benz,SL-Class,Chloe,Pixope,ON,71,78.39576,27.159101
312,3426951,52-0619751,Ainsley,2002,Oldsmobile,Intrigue,Marilee,Flashpoint,ON,37,73.84404,15.386033
313,7822712,70-7763194,Malvin,2009,Honda,Odyssey,Eran,Quinu,ON,9,86.952393,23.673944
314,3103930,25-0315137,Ross,2011,GMC,Canyon,Ernestus,Roomm,ON,14,77.312935,8.959021
315,7556639,64-4768679,Kym,1988,Buick,Regal,Angel,JumpXS,ON,37,83.896782,18.296974
316,9600288,68-6641060,Emili,2012,Nissan,NV3500,Alaine,Edgeify,OFF,71,76.102898,13.009711
317,5289055,59-6699668,Robbert,1999,Land Rover,Range Rover,Gayelord,Thoughtstorm,ON,64,74.966583,28.29229
318,278681,12-3272701,Kirsteni,2007,Dodge,Magnum,Greggory,Shuffletag,ON,80,77.849831,28.406963
319,5050941,57-4869531,Casi,2007,Ford,Mustang,Zulema,Divape,OFF,90,78.841141,20.550573
320,9291626,66-0976934,Cordelia,2010,Aston Martin,Vantage,Rosina,Flashpoint,OFF,74,86.092987,25.168901
321,2861051,94-4727521,Estel,1995,Acura,Legend,Christoffer,Photospace,OFF,39,79.872665,25.292509
322,6536135,01-2599489,Jake,1980,Ford,Mustang,Murvyn,Babbleset,ON,35,75.025505,29.536535
323,4684253,35-2157351,Bernadene,2010,GMC,Acadia,Cheston,Skalith,OFF,96,88.563934,23.174049
324,5587660,56-9440978,Andros,2003,Mitsubishi,Lancer Evolution,Oswald,Kimia,ON,12,77.113144,18.3934
325,591468,38-6122443,Cristiano,1997,Dodge,Ram 1500,Lani,Fiveclub,OFF,44,75.037636,23.334169
326,4110719,37-3294691,Randene,1993,Dodge,D150,Adel,Yambee,ON,47,74.68,24.620001
327,2852783,54-5326667,Stevena,1995,Jeep,Wrangler,Aeriela,Flashdog,OFF,17,83.068352,24.685001
328,4062830,85-7282065,Kingston,1963,Rambler,Classic,Jaquelin,Dynabox,ON,85,76.35257,21.825733
329,73267,27-6024129,Jeannine,1997,Volvo,V90,Catlin,Tekfly,ON,76,85.905533,20.450474
330,7682809,88-7218092,Loralee,1999,Volkswagen,rio,Nadya,Browseblab,OFF,50,72.369949,23.586761
331,2695226,50-7898411,Bridie,1999,Ford,Crown Victoria,Cassaundra,Edgepulse,ON,100,75.455215,29.511778
332,7479038,49-4564196,Kimberlyn,2006,Chevrolet,Silverado,Katharina,Edgeclub,OFF,65,88.125587,25.61853
333,8134967,30-5081618,Perl,2011,Buick,Enclave,Tania,Tavu,OFF,26,73.875801,19.206861
334,3901359,56-3450397,Kendal,2001,Mitsubishi,Montero,Winna,Teklist,OFF,22,81.300003,25.9
335,1756463,05-2941262,Fancie,2003,Buick,LeSabre,Claudelle,Realcube,ON,91,86.920731,24.885483
336,238155,27-7890291,Tiena,1998,Buick,Park Avenue,Hedwig,Brainsphere,OFF,67,75.778923,20.809378
337,7741240,32-4682570,Claus,2011,Ram,2500,Ardine,Gigashots,ON,47,76.566132,20.711622
338,9361034,93-7577139,Michaela,1995,Toyota,MR2,Bradly,Fivebridge,ON,19,76.574036,20.149822
339,2819913,23-2868435,Constance,2008,Jaguar,XK,Cherish,Skipstorm,OFF,19,81.29911,24.530727
340,6048887,88-6433689,Annamarie,2011,Saab,09-Mar,Noreen,Twimbo,OFF,56,76.990547,29.685629
341,8010213,20-0381262,Marcelle,2010,Jeep,Liberty,Ana,Flashset,OFF,59,74.456078,16.709002
342,5734794,14-8222698,Peria,2005,GMC,Savana 2500,Othello,Topdrive,OFF,81,85.517609,25.19935
343,7159908,40-8052158,Lothaire,2006,Nissan,Pathfinder,Enrichetta,LiveZ,ON,49,89.451088,26.323921
344,2095721,22-3055331,Adrea,2002,GMC,Yukon XL 1500,Carlynne,Topicstorm,OFF,10,93.950279,24.813967
345,1079041,91-4586501,Kerry,1993,Mitsubishi,3000GT,Aileen,Flashspan,OFF,5,72.057442,23.125837
346,2083447,31-4992955,Loy,2012,Kia,Rio,Ada,Aivee,ON,98,75.14978,33.729729
347,1439615,68-0805297,Tessie,1990,Mitsubishi,GTO,Mahmoud,Pixoboo,OFF,81,73.827827,15.496777
348,8768026,27-8431315,Sherwin,2001,Nissan,Quest,Myrwyn,Meembee,OFF,77,72.948936,22.554029
349,6658665,75-6605329,Vanessa,2006,Chrysler,Sebring,Clarabelle,Reallinks,OFF,13,74.438354,20.251549
350,6459589,31-2524063,Adelaida,2007,Ford,F150,Yasmeen,Cogidoo,OFF,79,77.326698,20.92207
351,9307324,54-3992112,Agnese,2009,Cadillac,Escalade ESV,Delbert,Thoughtbeat,OFF,6,79.140388,20.634085
352,2568567,71-1526559,Shaun,1998,Pontiac,Bonneville,Marni,Brainbox,ON,64,77.523422,21.27306
353,2663230,46-1573016,Abbye,1985,Lincoln,Continental Mark VII,Jemie,Wikizz,ON,78,73.11261,21.124857
354,9719172,08-7039187,Catha,1993,Ford,Econoline E250,Delmar,Dabshots,ON,20,84.986954,24.696135
355,3471649,95-2475551,Tulley,1990,Honda,Civic,Jacques,Yombu,ON,94,95.18,27.48
356,2368163,72-3546500,Joell,1993,Subaru,Loyale,Danny,Skimia,ON,53,75.290932,16.504227
357,1185625,42-2898430,Kipp,1985,Mazda,626,Fredrika,Katz,OFF,43,87.863419,23.232513
358,429035,33-2172312,Vernor,1994,Subaru,Legacy,Davey,Kamba,OFF,51,77.10141,13.338263
359,2980316,26-3495090,Vito,2006,MINI,Cooper,Elene,Eare,OFF,94,85.105057,20.127028
360,4180905,55-3208010,Analise,2002,Chevrolet,Silverado 2500,Thayne,Voolia,OFF,12,94.629997,26.98
361,5414318,37-9500706,Kipper,2006,Ford,GT,Kaia,Wordpedia,OFF,22,78.958054,20.067541
362,2206809,62-3310235,Shanie,2009,Nissan,Versa,Bink,Voonte,OFF,18,74.124069,14.801439
363,7100740,07-1993768,Melisse,1996,Toyota,Paseo,Shina,Trudeo,OFF,94,75.379997,31.379999
364,9698530,05-5833020,Monte,1994,Nissan,Pathfinder,Goraud,Avamm,OFF,73,74.771942,34.216496
365,2203016,73-7417023,Bessie,2000,Chevrolet,Camaro,Natty,Mita,OFF,66,77.32,24.65
366,1542119,68-2362212,Isobel,1994,Land Rover,Discovery,Antonietta,Topicblab,ON,56,76.220222,30.702877
367,2843406,84-7362135,Boy,2007,Nissan,Sentra,Roxie,Innojam,ON,45,78.008125,16.737509
368,5033674,43-7542849,Lazarus,2009,Mazda,CX-9,Harriet,Babbleblab,OFF,6,79.268333,17.05662
369,496244,71-3076419,Tod,1992,Mazda,Protege,Annabel,Talane,ON,19,77.476814,10.010366
370,7494531,81-9093993,Roseanne,2008,Audi,RS4,Laney,Rhycero,OFF,86,81.100388,16.703285
371,6314426,28-8730573,Katinka,2003,Infiniti,M,Alair,Zoomcast,ON,87,77.56691,19.912676
372,3386569,91-8495066,Kain,2012,Chevrolet,Express,Leonerd,Voonder,OFF,61,78.437737,17.25116
373,3215030,57-3357110,Donnie,2004,Dodge,Durango,Aldous,Demivee,ON,92,75.352478,19.901054
374,4897284,26-8351542,Torrey,1988,Volkswagen,Jetta,Madelle,Thoughtsphere,OFF,56,87.08725,23.233774
375,3633346,72-9403644,Kennett,1994,BMW,8 Series,Terrill,Quire,OFF,39,83.035957,24.220198
376,6748228,44-0741667,Antonietta,1995,Infiniti,J,Shanta,Photobug,OFF,73,83.008781,17.686001
377,8196990,85-5764088,Baryram,2006,Saab,9-2X,Dionis,Feedspan,ON,49,77.697205,28.452393
378,9612687,50-9504178,Pascale,2003,Volvo,V70,Erl,Oodoo,ON,38,77.290169,28.526592
379,7672078,95-0741768,Randie,2008,Ford,Ranger,Cory,Feedfire,ON,21,77.586014,13.094454
380,6929074,98-7367478,Iormina,2008,Kia,Rondo,Catlin,Gigaclub,ON,66,80.218185,29.582861
381,1531015,34-7431986,Halsy,2003,MINI,Cooper,Kalvin,Browsetype,ON,60,77.82,23.530001
382,9317142,35-5625604,Hieronymus,1991,Volkswagen,Cabriolet,Bonny,Babbleblab,ON,79,79,20.23
383,6715798,75-4188014,Polly,2010,Lexus,GX,Gabbie,Gabspot,ON,7,73.151009,21.719477
384,5833749,65-9227248,Thorny,1992,Chevrolet,Cavalier,Shara,Feednation,ON,53,70.823616,22.811989
385,2186970,33-3105287,Trenton,2012,Toyota,Prius c,Tiffi,Realcube,OFF,77,77.412613,23.259933
386,4499255,47-9173021,Joachim,1984,Suzuki,SJ 410,Silas,Wordify,OFF,86,91.277847,23.829321
387,8576421,20-5502660,Creight,2005,Maybach,57S,Lita,Edgepulse,OFF,10,79.650002,21.17
388,651849,32-7105235,Reggy,2011,MINI,Cooper,Modesta,Edgeify,OFF,35,74.576782,18.150663
389,228932,28-0230002,Bernelle,2001,Volkswagen,Cabriolet,Nara,Gevee,ON,44,74.716324,27.029617
390,4285550,66-6218115,Alexandr,1995,Chrysler,Sebring,Darrel,Leenti,OFF,7,76.977081,29.398928
391,1245603,39-9970894,Merralee,2002,Ford,Escort,Teddie,Edgeify,ON,18,77.095184,23.198437
392,7982354,13-1758918,Westbrooke,2003,Chevrolet,Corvette,Mary,Oyonder,ON,98,78.5,13.55
393,1648370,61-5648868,Noellyn,2004,Hyundai,Tiburon,Michail,Jaxbean,OFF,80,75.59729,32.365288
394,6461628,87-6464477,Gardy,1996,Mitsubishi,Chariot,Dalia,Einti,ON,74,92.779282,24.833946
395,16466,65-0860033,Elise,2005,Ford,Five Hundred,Erma,Reallinks,OFF,89,69.666931,23.242001
396,3230262,62-1025912,Florry,1997,Dodge,Ram Van 2500,Minerva,Roomm,OFF,82,79.912247,27.883743
397,4031128,65-2050153,Ermentrude,1992,Pontiac,Bonneville,Storm,Snaptags,ON,70,81.240891,26.230299
398,809247,97-1767020,Luther,2003,Mercedes-Benz,G-Class,Aldric,Jayo,ON,94,86.42704,23.795399
399,8686271,60-9952588,Aridatha,1996,Lincoln,Mark VIII,Georgena,Blognation,OFF,94,78.279999,28.719999
400,8643662,40-7308627,Yurik,1994,Chevrolet,1500,Laney,Kaymbo,ON,39,79.97438,23.185884
401,5942913,68-6922998,Cozmo,1998,Chrysler,Sebring,Tabby,Skinte,OFF,21,74.470009,21.546185
402,603603,65-5228266,Jeth,1988,Ford,F-Series,Daren,Realmix,OFF,81,76.639381,12.29581
403,8863616,00-6022054,Yehudi,1994,Audi,V8,Merilyn,Jaxnation,OFF,61,79.066544,12.228628
404,8015119,20-0816321,Tobey,1985,Chevrolet,Camaro,Katuscha,Twitterbeat,OFF,19,87.741882,22.395582
405,8817821,34-4139049,Emilio,2012,GMC,Savana 3500,Hastings,Zazio,ON,78,78.135849,29.372442
406,5985212,62-3511393,Leyla,2004,Dodge,Dakota Club,Nonnah,Voonix,OFF,51,76.593948,30.483997
407,2537219,17-1962817,Jillian,2006,Saab,09-May,Carolann,Vitz,OFF,71,78.352478,22.762886
408,8860539,35-7053759,Emlen,2007,Hummer,H3,Evvie,Eabox,OFF,61,79.519997,26.469999
409,3593632,06-8043649,Clemmy,2007,Ford,Expedition EL,Zach,Plajo,OFF,57,76.919998,28.68
410,8511704,93-1944715,Angy,1987,Volkswagen,GTI,Dionysus,Devify,OFF,41,77.268883,11.191447
411,8692836,59-0804950,Ula,1997,Acura,RL,Tyrone,Jabbercube,ON,82,76.817825,29.962072
412,8832047,25-9917274,Elbertina,1993,Eagle,Vision,Shelley,Brainsphere,ON,18,74.497864,30.191515
413,3300700,12-0216539,Willey,1999,Mercedes-Benz,SL-Class,Brana,Rhynyx,OFF,100,77.654457,28.711969
414,6870195,39-0610606,Carmon,1998,Plymouth,Breeze,Jessica,Centidel,ON,96,76.316666,29.316668
415,5932876,06-9621261,Nowell,1985,Pontiac,Fiero,Ruby,Jayo,OFF,21,88.437363,23.255541
416,9157351,70-8385134,Paulo,2003,Cadillac,Escalade,Nickola,Mudo,ON,31,77.912804,8.444186
417,9383717,70-6250539,Shaine,1993,Dodge,D150 Club,Donia,Jetpulse,OFF,34,77.779549,20.937424
418,1448347,09-2696761,Kerianne,2011,Lexus,IS,Harp,Blognation,OFF,24,78.050003,27.6
419,4468394,20-0455296,Sloan,2002,Land Rover,Range Rover,Elle,Yadel,OFF,45,79.31916,12.904441
420,8744530,65-2235782,Valerye,1996,Mercedes-Benz,SL-Class,Chantalle,Photobug,ON,92,77.851784,28.252222
421,4257479,30-1975915,Towny,1996,Dodge,Viper,Betteanne,Pixope,ON,56,78.885956,17.518345
422,1399952,96-5434665,Lindy,2011,Chevrolet,Malibu,Jewelle,Skyvu,ON,5,72.974106,19.262466
423,4789780,91-0506383,Morry,2008,Subaru,Forester,Jeanne,Feedfire,ON,69,84.584251,22.205206
424,3608721,47-2046198,Jacob,2010,Mazda,RX-8,Cecilia,Skippad,ON,36,74.027962,30.403648
425,6620659,04-0706911,Eveline,1984,Ford,E150,Boot,Dabshots,ON,50,76.18087,20.536846
426,5612322,73-2795238,Donella,2004,Ford,Escort,Ronny,Zoombeat,OFF,25,78.465042,28.902397
427,4636812,01-3302990,Nathalie,1992,Toyota,Supra,Pepi,Skalith,ON,12,77.002777,8.603333
428,1220449,59-5591653,Fowler,2005,Dodge,Ram 1500,Kara-lynn,Zava,ON,31,76.366669,25.983334
429,6495290,48-0893759,Jamal,2001,Porsche,Boxster,Raffarty,Pixope,OFF,13,77.059998,21.1
430,8120897,31-2580077,West,2002,GMC,Sierra 3500,Leigha,Kwideo,OFF,87,72.983833,19.226662
431,2449844,98-0369531,Tamiko,1996,Infiniti,I,Emmott,Youspan,OFF,24,86.942657,21.494978
432,4814292,59-7311730,Dillie,2012,Lexus,GX,Evangelina,Dabtype,OFF,81,77.540817,13.298757
433,3805795,56-9720395,Mick,1992,Jeep,Wrangler,Cecil,Riffpath,ON,89,76.940971,11.289087
434,7748049,03-1641105,Lannie,1997,Chevrolet,Express 1500,Rosemary,Trudeo,ON,31,88.416252,26.743464
435,7850131,04-2828812,Dacia,1993,Audi,100,Chandal,Skinder,OFF,99,80.663765,27.57509
436,7803883,21-4536384,Cherise,2009,Mercedes-Benz,G-Class,Annie,Katz,ON,80,75.131035,23.644524
437,1247717,45-2364489,Hashim,2003,Mazda,Protege,Robbi,DabZ,OFF,6,75.870003,30.370001
438,6815878,16-9457138,Candis,1994,Plymouth,Grand Voyager,Tyne,Fatz,ON,42,89.180122,26.169069
439,3314842,82-1172195,Bruis,1993,Toyota,Xtra,Allianora,Kwimbee,ON,26,73.093948,19.2094
440,2866352,45-9936574,Guss,1996,Toyota,Supra,Shayne,Edgetag,OFF,59,75.646873,32.265942
441,7700210,21-4670406,Tybi,2001,Jaguar,XJ Series,Dorotea,Zooveo,ON,32,76.936638,8.524139
442,5264538,01-6383001,Mead,1993,Lincoln,Mark VIII,Anallese,Skipstorm,ON,74,74.319077,26.100735
443,4811560,63-0422625,Mercie,1967,Pontiac,Bonneville,Gorden,Cogilith,OFF,25,74.639915,26.449896
444,8892658,61-2236493,Marianne,2006,Mitsubishi,Galant,Letta,Topicstorm,ON,41,75.480003,30.780001
445,5519701,75-3416892,Natale,2005,Maserati,GranSport,Catarina,Realfire,OFF,87,79.120544,28.033709
446,3143333,31-8535443,Justine,2010,Subaru,Impreza WRX,Blanche,Gigazoom,OFF,36,75.323723,17.674553
447,7015852,34-3337674,Hagan,2007,BMW,530,Claiborne,Rhybox,ON,80,79.441025,23.839054
448,7436671,05-6942599,Madalena,2005,Buick,Terraza,Colin,Shufflester,OFF,63,78.055138,13.401969
449,3127215,04-0632415,Alejandrina,2007,Toyota,Corolla,Danika,Wordware,ON,38,74.348259,34.202148
450,6851848,14-0316802,Killy,1993,Suzuki,Swift,Josiah,Plambee,ON,91,88.280182,24.175903
451,5384602,58-4019271,Christie,1996,Cadillac,Eldorado,Murvyn,Jatri,OFF,30,83.445679,17.887518
452,7026235,79-4270101,Tamra,1991,Mercedes-Benz,E-Class,Kimberli,Flipstorm,ON,84,76.379997,30.34
453,8860511,34-9593094,Hamish,2007,Kia,Carens,Ruy,Yotz,OFF,26,76.270523,9.939093
454,944435,58-4460148,Luciano,2010,Infiniti,FX,Basia,Vidoo,ON,69,85.368752,26.121473
455,2981590,13-2097557,Chadd,2001,Toyota,Sienna,Jami,Rhyzio,OFF,29,77.800003,13.07
456,608210,34-6607723,Man,2003,Kia,Spectra,Jessi,Quimba,ON,12,73.462997,22.606001
457,6127416,96-4332392,Liz,2012,Audi,S4,Chen,Rooxo,OFF,42,82.247467,16.989065
458,2021559,66-4890762,Hermy,1998,Pontiac,Bonneville,Danell,Chatterpoint,ON,51,76.854172,30.695202
459,175714,74-8440315,Gabriele,2010,Kia,Sportage,Spense,Katz,ON,94,77.50399,28.474388
460,1920939,20-4498036,Bari,1995,Subaru,Alcyone SVX,Herb,Kamba,OFF,72,79.470001,25.98
461,6762686,70-5493428,Bron,2009,Land Rover,Range Rover,Tedi,Midel,ON,39,74.900002,22.030001
462,2684898,33-1539558,Gabey,2007,Hyundai,Elantra,Drucy,Ozu,OFF,54,75.123955,15.364708
463,8744377,04-9529644,Marie,1999,Chrysler,Cirrus,Neal,Quamba,OFF,25,79.195412,30.321989
464,1169363,56-5013653,Ingunna,2008,GMC,Sierra 1500,Rafael,BlogXS,ON,61,86.695175,24.482775
465,8112765,54-4335954,Levy,1992,BMW,3 Series,Amandie,Photojam,ON,47,77.080002,23.200001
466,2666161,40-1441285,Billy,1972,Ford,Mustang,Fields,Devify,OFF,37,76.23053,10.140487
467,101553,69-9914762,Lettie,1996,Infiniti,G,Calli,Devify,OFF,40,72.651802,21.116226
468,3834939,31-7902503,Jock,1985,Mitsubishi,Pajero,D'arcy,Bubblemix,OFF,28,80.92907,26.983795
469,3784269,73-0244298,Maurie,1989,Buick,LeSabre,Tabbie,Skaboo,ON,41,74.248749,16.713512
470,6330461,81-9800654,Wilbur,2005,Suzuki,Reno,Melamie,Gabspot,OFF,19,88.420921,22.94923
471,9630733,35-0281586,Jany,2009,Audi,TT,Dominique,Yacero,ON,6,75.207062,12.768676
472,7459351,65-7902077,Alisander,2012,BMW,X6,Vince,Youspan,OFF,60,76.776695,30.37818
473,5133973,22-7330200,Eziechiele,2005,Audi,A6,Ashbey,Youtags,ON,19,74.739555,30.678186
474,7214405,17-0594852,Gracia,2010,Nissan,Murano,Judd,Twitterworks,ON,59,76.041939,18.186066
475,3206408,62-8423142,Anna,2003,Isuzu,Axiom,Putnam,Divanoodle,OFF,29,77.362289,16.200829
476,9865893,81-3062824,Aguie,2000,GMC,Sierra 2500,Giacomo,Fanoodle,OFF,71,76.400002,14.23
477,7886292,78-7669929,Worden,2004,Dodge,Intrepid,Ali,Kimia,ON,80,76.652985,12.311827
478,3679870,22-4024253,Selma,1996,Oldsmobile,98,Arabella,Vinder,ON,5,78.412018,24.68786
479,4303245,04-4160685,Orrin,2006,Volvo,S80,Corbet,Babbleblab,OFF,51,76.010178,23.710348
480,2246286,86-1151165,Mab,1984,Volkswagen,Quantum,Stillman,Tagcat,OFF,97,77.31028,29.448055
481,6340079,67-8080069,Corry,1992,Nissan,Maxima,Vinny,Eare,OFF,57,78.565407,17.351372
482,7537798,38-8378121,Tabby,1998,Jaguar,XK Series,Artemis,Zoonder,ON,98,79.424446,13.629065
483,3541373,47-9610182,York,2000,Lincoln,Navigator,Oona,Yadel,ON,90,73.665131,25.923853
484,1359558,35-1169268,Coop,2002,BMW,M,Bettina,Photospace,ON,73,84.370003,24.75
485,4462476,26-0296659,Otis,2004,GMC,Savana 3500,Trix,Realmix,OFF,56,80.195,21.459801
486,2400621,08-9807185,Darrin,2013,Nissan,GT-R,Casey,Thoughtbridge,ON,23,75.702003,13.84
487,8626866,51-1571409,Shepard,1991,Mercedes-Benz,SL-Class,Shayne,Rhycero,ON,12,82.176804,27.429707
488,1393842,10-0140872,Dora,2011,Infiniti,QX56,Tedie,Livetube,ON,35,87.900375,25.077787
489,2796144,03-0495087,Georges,1989,Ford,Escort,Baudoin,Eabox,ON,47,81.224342,22.008951
490,9294693,58-0571157,Ethelbert,1965,Volkswagen,Beetle,Gilles,Twimm,OFF,63,79.986458,14.442599
491,7712775,93-8609808,Charmaine,1998,Cadillac,DeVille,Mordecai,Centimia,ON,37,79.128838,18.438555
492,4719856,65-8864958,Lorilyn,1993,Mercedes-Benz,600SL,Henrietta,Zazio,OFF,72,73.407219,18.74806
493,4834597,40-1658210,Prisca,1999,Pontiac,Grand Am,Cosetta,Podcat,OFF,27,74.452972,27.696903
494,6729027,64-6274122,Shay,2007,Foose,Hemisfear,Sidonnie,Skipstorm,ON,46,73.807182,18.50989
495,6779740,71-5337751,Ricki,2010,Acura,TL,Kirsteni,Avamm,ON,12,78.164246,29.94569
496,3580210,88-2628985,Lorita,2009,Chevrolet,TrailBlazer,Casi,Twitterbeat,ON,17,72.998993,19.077065
497,3891540,59-2867553,Emmye,2009,Infiniti,QX56,Ardyth,Layo,OFF,93,78.795319,28.841064
498,4780545,95-6884602,Corey,1999,Chevrolet,Lumina,Renard,Voonix,OFF,63,82.354164,23.18795
499,1018665,39-5514132,Dave,1994,Ford,Econoline E150,Kimberlee,Meevee,OFF,66,83.364944,26.765844
500,819513,65-5792265,Stevy,1992,Mitsubishi,GTO,Ira,Kaymbo,OFF,64,84.356659,26.219622
